cn_title,en_title,strategy,comment,ranking,abstract
鼓浪屿,Gulangyu Island,849,31945,1,世界文化遗产，特色店铺众多，建筑漂亮，生活气息和文艺范儿并重。
曾厝垵,Zeng Cuo An Village,2031,5980,1,厦门文创新地标，美食与文化的激情碰撞，去寻找文艺外表下充满生命力的古朴村落。
厦门大学,Xiamen University,2307,12915,2,依山傍海，中西结合的独特建筑风格，被誉为中国最美的大学之一。
中山路步行街,Zhongshan Road Pedestrian Street,1244,3469,3,厦门地标式商业街，欣赏连排的骑楼式建筑，搜罗地道的闽南小吃，感受鹭岛的独特魅力。
环岛路,Huandao Road,1266,5586,6,享受海边骑行的快乐，边骑边看美丽风景。
顶澳仔猫街,Ding'aozai,0,51,0,
南普陀寺,South Putuo Temple,1480,5484,5,全国闻名的佛教寺院，寺内的素斋和素饼都获过奖，还可登高望远。
白城沙滩,Baicheng Beach,752,878,10,靠近厦大的免费沙滩，漫步、海边玩耍，这是天然的休闲公园。
厦门园林植物园,Xiamen Botanical Garden,335,2082,12,环境很好的植物园，有多种稀有植物景观，也适合周末爬山休闲。
沙坡尾避风坞,Shapowei Wind Shelter,290,310,7,
厦门双子塔,Xiamen Twin Towers,42,111,8,厦门新地标，登上55层观光厅，眺望鼓浪屿，俯瞰鹭岛风情。
椰风寨,Yefeng Village,201,288,18,很长的免费沙滩，游客不多，可以远眺金门岛。
黄厝海滨,Huangcuo Beach,116,320,63,厦门观海的极佳选择，环岛路上最天然、最干净的海滩。
钟鼓索道,Zhonggu Cableway,44,579,42,在高空中俯瞰厦门全景，在天然氧吧中任性遨游。
南华路文化吧一条街,Nanhualu Wenhua Ba Yi Tiao Street,25,70,28,
厦门科技馆,Xiamen Science and Technology Museum,89,778,14,可以带孩子来这里感受新科技带来的乐趣，开拓孩子们的视野。
日光岩,Sunlight Rock,375,4156,3,鼓浪屿的最佳观景点，从上而下俯视鼓浪屿全岛及厦门市区景象。
集美大学,Jimei University,73,160,32,
集美学村,Jimeixue Village,298,997,16,风格中西合璧的大学城，可以在校园里感受浓重的学术氛围。
最美转角,Most Beautiful Corner,0,14,0,
沙坡尾艺术西区,Shapowei Art Zone West District,77,97,3,
胡里山炮台,Hulishan Fort,561,3006,11,这里有着大大小小的炮台，带你走近并了解那段历史。
厦门海底世界,Xiamen Underwater World,52,1060,2,有迄今为止中国发现最大的抹香鲸骨架。
风琴博物馆,Organ Museum,138,776,14,在音乐之岛鼓浪屿逛风琴博物馆，看各种复古的风琴。
菽庄花园,Xinzhuang Garden,298,2398,7,看闽南风格融合西洋色彩的园林景观。这里也有很好的观海点。
珍珠湾,Pearl Bay,118,238,86,沙细水清，还有轻风拂面，来到海边千万不要错过这个沙滩浴场。
一国两制沙滩,One Country Two Systems Sand Beach,3,9,128,
天竺山森林公园,Tianzhu Mountain Forest Park,6,132,137,来“厦门后花园”亲近自然，感受绿意盎然的山林风光，欣赏澄澈镜面的湖水倒影。
闽南古镇,Minnan Ancient Town,1,41,52,
观音山,Mount Guanyin,74,50,26,
松柏公园,Songbai Park,1,80,156,
万国建筑博览,World Architecture Expo,30,438,17,各种风格各异、中西合壁的中外建筑非常值得一看。
黄厝沙滩,Huangcuo Beach,47,53,39,
皓月园,Haoyue Garden,191,1269,18,看郑成功巨型石像，纪念人民英雄。
演武大桥,Yanwu Bridge,117,130,176,
蔡尖尾山公园,Caijianwei Mountain Park,0,8,204,
琴园,Qinyuan Garden,43,295,31,鼓浪屿核心景点之一，百鸟园就在这个景区内。
大德记浴场,Dadeji Bathing,10,27,3,
厦门南顺鳄鱼园,Nanshun Crocodile Park,0,4,0,
上李水库,Shangli Reservoir,3,22,449,
厦门老院子景区,Xiamen Old Courtyard Scenic Spot,8,233,33,置身渔村古厝，身临其境感受传统文化，观看大型实景演出，寻找闽南民族文化脉络。
鼓浪屿环岛海滨浴场,Gulangyu Roundabout Beach,42,453,53,
毓园,Yu Garden,42,284,50,为纪念林巧稚大夫而建的纪念馆，恬静的园林景观，景色不错。
厦门园林博览苑,Xiamen Horticultural Expo Garden,17,417,41,园林大观园，一次性参观多种园林风格，空气清新很适合漫步。
环岛路海滩,Huandaolu Beach,4,36,212,
华新路,Huaxin Road,93,94,38,隐藏着厦门半个世纪的历史，漫步每栋建筑，寻找背后的历史故事。
天沐温泉度假村,Tianmu Hot Springs Resort,1,153,4,六十多个功能各异的养生温泉池，环境宜人，适合休闲放松。
香山,Xiang Mountain,0,1,0,
云上厦门观光厅,Clouds Above Xiamen Viewing Platform,23,246,22,
海湾公园,Bay Park,77,310,36,可在公园内远眺大海，吹海风，附近的酒吧街更是泡吧族们的最爱。
铁路文化公园,Railway Culture Park,329,522,20,由铁路轨道改建的免费公园，适合散步。
大嶝岛,Dadeng Island,41,163,30,
怪坡,Strange Slope,26,61,21,
海天堂构,Sea paradise,52,460,10,看中西合并的建筑风格，随意遐想当时人们的生活。
金光湖,Jinguang Lake,6,111,96,
马銮湾环湾带状公园,Belt-shaped Park around Maluan Bay,0,0,0,
UncommonPlace不凡之地艺术空间,UncommonPlace Art Space,0,0,0,
厦门市鼓浪屿风景名胜区-天主教堂,Xiamenshi Gulangyu Fengjing Mingshengqu-Tianzhu Church,0,4,0,
翔安隧道,Xiang'an Tunnel,0,13,0,
集美市民公园,Jimeishimin Park,0,9,355,
金銮湾,,9,11,565,从福建 漳州市铜陵镇沿西铜公路西行2公里处，有一条宽阔、笔直的水泥大道，把你引向海滨，这就是闻名遐迩的马銮湾海滨浴场。
钟鼓山景区空中缆车,,0,0,0,
上李水库公园,Shanglishuiku Park,0,8,0,
厦门青少年天文科技馆,Xiamen Youth Astronomy Science &amp; Technology Museum,3,595,74,
鸿山公园,Hongshan Park,21,131,133,
北辰山,Beichen Mountain,1,101,220,可以看十二龙潭瀑布，形态各异，水潭清澈见底。
汀溪水库,Xiamen Tingxi Reservoir,3,12,317,
七彩池,Colorful Pool,0,6,361,
厦门市动物园,Xiamenshi Zoo,0,16,54,
顶上生态风景区,,0,3,244,顶村村，距厦门岛约40公里，该山村平均海拔400米，有着600多年历史。如诗如画的山水、绿意盎然的植被、善良 淳朴的民风闻名遐迩。
翔安香山岩,,1,4,164,翔安香山岩，位于吕塘村，内含古朴的村庄，古老的寺庙，千年以上的老榕树是一处具有古老闽南文化特色的旅游风景区。
白鹭洲公园,Bailuzhou Park,129,512,34,草坪修建得很漂亮，有个很大的湖，环境很好的免费公园！
五缘湾湿地公园,Wuyuanwan Wetland Park,97,310,31,漫步木栈道，看水鸟在氤氲雾气中起落飞翔，享受城市绿肺的清新空气。
台湾民俗村,Xiamen Taiwan Folk Village,55,333,24,
海上明珠观光塔,Sea Pearl Tourist Tower,6,96,17,
钢琴博物馆,Piano museum,144,856,5,在音乐之岛鼓浪屿逛钢琴博物馆，看各种造型奇特的的古钢琴。
郑成功纪念馆,Zheng Chenggong Memorial Hall,49,371,30,是国内非常大的郑成功文物文献收藏中心和研究基地。
龙山洞,Longshan Cave,14,75,41,一个凉爽的隧道 ，夏天是个避暑的好地方。
笔山洞,Bishan Cave,14,69,23,连接龙头路到内厝奥的一条隧道，感觉充满了故事。
五老峰,Wulao Peak,151,278,55,享受游山的乐趣，站在山顶可以鸟瞰厦门大学和鼓浪屿。
海角八号,,6,10,19,
厦门市博物馆,Xiamen City Museum,20,142,48,
厦门大学芙蓉湖,Xiamen University Furong Lake,59,465,81,
鼓浪屿龙头路,,402,129,22,鼓浪屿龙头路是鼓浪屿主要街道之一，美食、购物，应有尽有，小资情调十足。
黑糖(顶澳仔店),,1,1,150,
鼓声洞,Gusheng Cave,6,24,56,
同安影视城,Xiamen Tong'An Movie &amp; TV City,17,180,79,各种仿古建筑，亲临古城，沉醉在古建筑的魅力里。
集美航天城,Jimei Aerospace City,1,13,308,
筼筜湖,Yundang Inner Lake,36,108,88,
小嶝岛,Xiaodeng Island,10,135,131,可以出海捕鱼、或者海边垂钓、或者仅仅享受海鲜的美味。
美华沙滩,Meihua Beach,13,55,19,
青礁慈济宫,Ciji Palace of Qingjiao,2,109,160,
科德航空研学基地,,0,1,0,
贵州铜仁寨英古镇,"Saiying Ancient Town, Tongren, Guizhou",0,0,0,
中非世野野生动物园,Zhongfei Shiye Yesheng Zoo,0,13,0,
厦门北站广场,Xiamen North Railway Station Square,0,29,0,
清水宫,Qingshui Palace,0,0,0,
厦门灵玲动物王国,Xiamen Lingling Animal Kingdom,0,12,0,
阳光乐园,,0,0,0,
海沧湾公园,Haicangwan Park,0,28,0,
翔安古宅,Guzhai,0,0,329,
厦门儿童公园,Xiamen Children Park,0,17,189,
厦门大学科技园,,0,9,272,
厦门大学颂恩楼,Songen Building in Xiamen University,0,151,192,
番婆楼,Fanpo Building,2,91,13,洛可可风格融入中国特色的漂亮建筑物，拥有岛上最高大的门楼。
东坪山公园,Dongping Mountain Park,5,19,546,
演武大桥观景平台,Yanwu Bridge Observation Deck,36,63,138,
诚毅科技探索中心,Chengyi Discovery Center,5,272,47,
五通灯塔公园,Xiamen Wutong Lighthouse Park,10,58,106,
翠丰温泉,,2,28,46,景色优美的同安汀溪水库风景区，幽雅舒适的环境，天然纯净的温泉，汇粹了闽南地域文化。
三一堂,Trinity Church,24,137,11,白色的顶，红色的墙，漂亮的教堂。
鳌园,Turtle Garden,80,259,43,
龙舟池,The Lake of Dragon Boat,52,136,224,
嘉庚公园,Jiageng Park,49,456,82,陈嘉庚建筑群的重要组成部分，了解陈嘉庚先生的生平。
狮山,Lion Mountain,25,124,125,
情人谷,Lovers' Valley,59,127,83,
甘露寺,Ganlu Temple,0,0,0,
竹坝芳都观光果园(厦门芳都观光果园有限公司),,0,0,0,
洋麻山森林公园,Yangmashan Forest Park,0,1,389,
梅山寺,Meishan Temple,0,18,469,
云顶山,Yunding Mountain,2,10,127,
大雄宝殿,Hall of Ceremony,11,74,118,
云洋村,,0,0,562,云洋村地处同安莲花镇东北部， 东串文山与汀溪镇褒美村比邻、 南接祥平街道溪声社区往城区、西连窑市村通镇区、北邻云埔村达安溪县。
仙岳山,Xianyue Mountain,7,29,142,
厦门岛,Amoy,229,25,51,厦门岛简称鹭岛或厦港，原名嘉禾屿明朝改称厦门岛。厦门岛因过去政府填海造地使现面积约达172平方公里，南北长14.7公里，东西宽12.5公里，岛上有两个最大的内海湾分别是五缘湾和筼筜港（因围海造地现称筼筜湖）。
中山公园,Zhongshan Park,136,377,27,
玫瑰圣母堂,Holy Rosary Church,21,20,34,
钢琴码头,The Piano Dock,30,116,20,
陈嘉庚先生故居,Xiamen Guilai Park,56,159,149,
万石岩,Ten-Thouand-Rock,10,94,296,
观海园,Guanhai Garden,4,75,51,
厦门大桥,Xiamen Bridge,20,165,93,
海沧大桥,Haicang Bridge,40,39,297,
华侨亚热带植物引种园,Overseas Chinese Subtropical Plant Introduction Garden,3,74,42,
延平故垒,Yanping Ancient Village,3,32,298,
天界寺,Xiamen Tianjie Temple,4,47,299,厦门小八景之一，可焚香祈福，也可登高赏美景。
鼓浪屿日本领事馆旧址,,8,16,21,日本领事馆建于1897年，由中国工匠王天赐设计承建，以拱券宽廊仿英式别墅为基调，使用西洋双柱桁架与中国传统坡顶相折衷，具有维多利亚时代的某些建筑特征，女墙和廊沿压条下均采用闽南土陶烧制的花瓶为装饰，古朴典雅。领事馆面积600平方米，两层…
虎溪岩,Huxi Cave,13,66,300,
华侨博物院,Oversea Chinese Museum,19,154,107,全面及系统地展示华侨华人历史的综合性博物馆。
景州乐园,,4,4,175,"景州乐园以“山水有情、人间有爱”为主题,园里的布局典雅、浪漫,五彩缤纷的花园里，错落着形态各异的艺术雕像，充满了欧美的艺术情调。"
英国领事馆旧址,,12,12,52,
林语堂故居,Linyutang Former Residence,3,90,53,
南湖公园,Xiamen Nanhu Park,8,72,174,
紫云岩,,5,1,225,"紫云岩位于醉仙岩东面，周围群山峥嵘，时有云雾潦绕，瞵息之间，气象万千，仿佛飘浮在茫茫烟海之中。清人郑光沂在危岩下刻“紫云得路”四字，固而名声远扬。
紫云岩有达中庵，建于明代，清废，民国十九年（公元1930年）重修，有大雄宝殿、客堂、积…"
复兴堂,Fuxing Church,2,11,54,
李清泉别墅,Li Qingquan Villa,2,18,40,
一朵一果,,2,3,55,一朵一果是专卖特色的明信片和笔记本的小店。
货币文化馆,Xiamen Numismatic Museum,1,1,305,
金榜公园,Xiamen Jinbang Park,34,239,173,
不在书店,ONCE Bookstore,64,38,233,这是一处将花店和书店融为一体的小小天堂，不定期举办读书会、民谣演出等活动。
白鹿洞寺,White Deer Cave Si,4,60,306,
文曾路花溪,,6,6,60,文曾路的花溪，每年的春节以后盛开。盛开期间，吸引了众多的市民，前来赏花摄影。
英雄三岛,Heroes Three-island,7,72,309,
十二龙潭,Xiamen Twelve Dragons Lake,3,8,311,
书法广场,Xiamen Calligraphy Square,34,149,54,
协和礼拜堂,Union Church,12,44,58,
火烧屿生态乐园,Huoshaoyu Island,1,10,72,
孔庙,,3,3,223,座落在同安县城东溪西畔，始建于五代，现存的建筑是清朝乾隆年间重建的大成殿。现在的孔庙已成为同安区博物馆，陈列着200多件从全县各地收集的石雕、碑刻，神态各异，造型逼真，精湛的工艺令游人赞叹不已，人称“同安兵马俑”。
笔山公园,Bishan Park,5,26,44,
中国唱片博物馆,China Record Museum,7,61,59,
内厝澳路,,15,7,32,
苏颂故居,Former Residence of Su Song,2,26,312,
胡里山海滨浴场,Hulishan Bathing Beach,4,103,61,
1号海岸沙滩音乐餐厅,,4,0,313,
博饼民俗园,Xiamen Bobing Minsu Yuan,1,50,139,
泰慢,,1,1,60,
陈嘉庚纪念胜地,Chen Kah Kee Memorial Resort,6,159,141,
梵天禅寺,Fantian Buddhist Temple,4,66,314,
厦门国防教育展览馆,XiaMen GuoFang JiaoYu ZhanLanGuan,1,11,315,
溜溜公社,,1,1,158,
美国领事馆旧址,American Consulate Former Site,3,23,9,
宋代瓷窑遗址,Xiamen Song Kiln Sites,4,4,316,
鹭江道,Lujiang Road,47,48,97,
Cantone,,1,0,61,
梅海岭,Meihai Mountain,18,34,237,
厦门海洋珍稀物种自然保护区,,2,2,226,"厦门海洋珍稀物种自然保护区位于福建省厦门市海域，总面积33088公顷。保护区保护区由原有的厦门中华白海豚省级保护区、厦门大屿白鹭省级保护区和厦门文昌鱼市级保护区合并而成。
保护区保护12种珍稀物种及其生境，分别是国家一级保护动物中华白海豚…"
金瓜楼,Golden Melon Villa,5,113,62,用色大胆，造型奇特，漂亮的建筑物。
亦足山庄,yizushanzhang,1,38,63,
王艺大师素描,,3,0,64,
厦门清真寺,,1,3,319,厦门清真寺，位于福建省厦门市玉屏路西侧。该寺坐西朝东，呈狭长方形，总共分为三进，入门是天井庭院，二门内为大厅和厢房，三门内是礼拜殿，殿顶为悬山式建筑。
闽台小镇,Fujian and Taiwan Town,3,25,234,
银石牛排馆,,1,0,320,
国际会展中心,International Convention and Exhibition Center,70,169,50,
李林烈士纪念园,Memorial Park of Martyr Li Lin,1,2,322,
欢唱量贩式KTV(湖滨中路店),,1,0,323,
观彩楼,Guancai Building,3,34,65,
龙头山寨遗址,,1,1,66,龙头山寨遗址位于思明区鼓浪屿日光岩上。日光岩古称为龙头山，又称晃岩。清顺治四年（1647），郑成功辟厦门为抗清复台基地，龙头山（即日光岩）系其建寨屯防址之一。
古避暑洞,Ancient Summer Shelter,4,35,47,
四落大厝,Siluo Houses,3,81,67,
中国首家水陆空俱乐部,,3,0,324,"位于闽南金三角的长泰中国首家水陆空俱乐部是国内首家在一个景区同时开展水陆空一体游及酒店配套服务的旅游企业，是中国皮划艇激流回旋运动的摇篮、福建省漂流旅游定点单位、福建省全民健身活动中心、中国（厦门）国际旅游节推荐景点。
俱乐部以原…"
上弦场,,53,15,162,上弦场是厦门大学主体育场，是一个半椭圆形的大运动场，利用楼群与运动场之间的落差，因地制宜地砌成可容纳两万人的大看台，由于运动场与看台都呈弧形，恰似上弦月，故称之为“上弦场”。
兴贤宫,,2,1,68,兴贤宫是鼓浪屿最宏伟的保生大帝宫庙，肇建于明朝，坐落在美丽的日光岩山下，兴贤宫位于鼓浪屿晃岩路与中华路的交叉处。
鼓浪屿邮电支局,Gulangyu Post Sub-bureau,1,9,39,
德安古堡,,0,37,232,
燕尾山生态公园,Yanwei Mountain Ecology Park,6,38,43,
灌口凤山庙,,3,1,325,灌口凤山庙位于集美区灌口镇灌口街北侧，距集美镇只有7公里。凤山庙建于明末天启、崇祯年间（1621-1644年）。该庙原为两进宫殿式结构的建筑物，前殿有八幅青石窗雕、盘龙石柱、青石雄狮、石柱楹联及屋顶是翘角式明代石雕装饰，双龙抢珠的艺术雕塑，…
坂头森林公园,Xiamen Bantou Forest Park,1,4,326,
新萌现代艺术馆,Xinmeng Modern Art Gallery,1,0,327,
江头公园,Jiangtou Park （West Gate）,1,36,105,
鲁迅纪念馆,Lu Xun Memorial Hall,18,117,238,
福建源古历史博物馆,Fujian Yuangu Lishi Museum,0,19,229,
惠和石文化园,Huihe Stone Cultural Park,0,153,66,
福音堂,Gospel Church,5,16,69,
观天下闽台宗祠博物馆,,0,0,328,
牛庄文化园,,1,2,230,厦门牛庄园区景观近八千平，集四个主题文化广场、艺术牛、水榭亭台、咖啡吧、创意牛车等景点于一体，艺术牛展览、小牛体验营，独一无二的文化艺术特色优势，已接待来自全国各地游客近百万人。
大屏山公园,,0,0,0,
岩山,,0,0,0,
鹭江,,0,0,0,
溪林花海,,0,0,0,
大山母,,0,0,0,
香花海,,0,0,0,
青龙宫,,0,0,0,
海洋科技博物馆,,0,0,0,
北岸艺术区,,0,0,0,
金山海恋温泉度假山庄,,0,0,0,
新景步行街,,0,0,0,
鲸探海洋科普研学基地,,0,0,0,
水天花月广场,,0,0,0,
后滨池府龙威殿,,0,0,0,
林巧稚大夫,,0,0,0,
南湖公园-日本园,,0,0,0,
海丝陶瓷艺术馆,,0,0,0,
小岛纪念馆,,0,0,0,
法治文化广场,Legal System Cultural Plaza,0,0,0,
铁道文化公园,,0,0,0,
雪樵公园,,0,0,0,
冰雪企鹅城,,0,0,0,
丝绸文化博览馆,,0,0,0,
厦门老街博物馆,,0,0,0,
梅山公园,,0,0,0,
东浦公园,,0,0,0,
陈嘉庚语录碑廊,,0,0,0,
梦之岛主题公园,,0,0,0,
厦门安哥拉巨兔主题馆,,0,0,0,
小池塘艺术馆,,0,0,0,
sugar社交油画,,0,0,0,
盘古博物馆,,0,0,0,
嵩屿码头,,0,0,0,
东渡邮轮码头,,0,0,0,
文笔塔公园,,0,0,0,
厦门天山泉温泉度假山庄,,0,0,0,
郑成功碑廊,,0,0,0,
美峰生态公园,,0,0,0,
火烧屿景区,,0,0,0,
马垅社,,0,0,0,
鱼乐圈,,0,0,0,
斑鸠山公园,,0,0,0,
社会主义核心价值观主题公园,,0,0,0,
洪文老夜市,,0,0,0,
蚶壳井,,0,0,0,
画说创想艺术馆,,0,0,0,
十八王公文化公园,,0,0,0,
厦门国际友好公园,,0,0,0,
观音山沙雕文化公园,,0,0,0,
珍珠海滨浴场,,0,0,0,
筼筜湖带状公园,,0,0,0,
闽南之韵,,0,0,0,
东宅村新风公园,,0,0,0,
昭应宫,,0,0,0,
英国领事公馆旧址,,0,0,0,
绿山墙美术馆,,0,0,0,
深青驿遗址,,0,0,0,
厦门国际雕塑公园,,0,0,0,
集美海洋动物馆,,0,0,0,
各界抗敌后援会会址,,0,0,0,
中山华侨公园,,0,0,0,
园山,,0,0,0,
飞行多功能厅,,0,0,0,
海沧礼拜堂,,0,0,0,
OYAN ART,,0,0,0,
国家地理·深蓝海洋互动展(磐基名品中心),,0,0,0,
陨石博物馆,,0,0,0,
世纪画廊,,0,0,0,
厦金湾赶海场,,0,0,0,
禾伯鲜农创新农场,,0,1,0,
正新汽车国际文化中心,,0,0,0,
郑成功石雕像,,0,0,0,
艾比仿生机器人体验馆,,0,1,0,
英华书院教师楼,,0,1,0,
北欧当代艺术中心,,0,1,0,
观音山奇幻未来乐园,,0,0,0,
宝凤剪纸艺术馆,Baofeng Paper-cutting Art Museum,0,0,0,
城建石塘体育公园,Urban Construction Shitang Sports Park,0,0,0,
影视娱乐城,Film and Television Entertainment Park,0,0,0,
厦门海关通讯塔旧址,Site of Communication Tower of Xiamen Customs,0,0,0,
君汝海滩,Junru Beach,0,0,0,
西西里小镇,,0,0,0,
七星法治文化街区,Qixing Legal Culture Block,0,0,0,
渔村时光空间,The Time Space of Fishing Village,0,0,0,
泰华宸美术馆,T.H.C Art Museum,0,0,0,
鼓锣公园,Guluo Park,0,0,0,
仧美术馆,,0,0,0,
厦门革命烈士事迹陈列馆,Exhibition Hall of the Deeds to the Revolutionary Martyrs of Xiamen,0,0,0,
彭德清纪念馆,Peng Deqing Memorial Hall,0,0,0,
鼓浪屿龙头路,"Longtou Road, Gulangyu Island",0,1,0,
美峰公园,Meifeng Park,0,2,0,
五缘湾沙滩,Wuyuanwan Beach,0,0,0,
联发文创口岸,,0,0,0,
联发东南天地文化创意产业园,XUDC · Southeast World Cultural and Creative Industry Park,0,0,0,
同民医院功德碑,Merit Monument of Tongmin Hospital,0,0,0,
淮阳江氏宗祠,"Ancestral Hall of Family Jiang, Huaiyang",0,0,0,
厦门市思明区东浦路12之二十九,,0,0,0,
厦金湾直升机观光体验,,0,0,0,
厦门台湾小三通套票,,0,0,0,
春归山房,Chungui Mountain House,0,0,0,
石伏狮,Shifushi Scenic Spot,0,0,0,
嫣熊阁,Yanxiong Pavilion,0,0,0,
烂尾楼,,0,1,0,
厦门洪坑岩寺,"Hongkengyan Temple, Xiamen",0,0,0,
西塘社区公园,Xitang Community Park,0,0,0,
奉扬仁风,,0,0,0,
土地公庙,Earth God Temple,0,0,0,
金门县政府旧址,Jinmen Government Former Site,0,0,0,
同安造水村樱花园,Tong Anzaoshuicun Ying Garden,0,0,0,
云顶岩寺,Yunding Cliff Temple,0,0,0,
虎头山公园,Hutou Mountain Park,0,0,0,
坂头水库,Bantou Reservoir,0,0,0,
狐尾山,Huweishan Park (South Gate),0,2,0,
鼓浪屿历史文化陈列馆,Gulangyu Lishi Culture Exhibition Hall,0,1,0,
白虎岩风景区,Baihuyan Sceneic Area,0,0,0,
观音寺,Guanyin Temple,0,0,0,
竹坝水库,Zhuba Reservoir,0,0,0,
厦门鼓浪屿珍奇世界,Zhenqi World,0,0,0,
杨家园,Yang's Villa,0,0,0,
厦门大学生物博物馆,Xiamen Daxue Sheng Museum,0,0,0,
薛岭山公园,Xueling Mountain Park,0,2,0,
厦门轮渡码头游客中心,Xiamen Lundu Matou Youke Center,0,0,0,
黄荣远堂别墅,Huangrong Yuantang Villa,0,0,0,
晚清教育展区,Late Qing Dynasty Education Exhibition Area,0,0,0,
李家庄,Lijiazhuang Village,0,0,0,
鼓浪屿-万石山国家重点风景名胜区,Gulangyu-Wanshi Mountain National Key Scenic Area,0,0,0,
鼓楼,Drum Tower,0,0,0,
厦门园博园,Xiamen Garden Expo Park,0,0,0,
厦门海洋公园,Xiamenhaiyang Park,0,1,0,
顶上人家,,0,1,0,
和记洋行货栈遗址,Site of Hutchison Foreign Firm Warehouse,0,2,0,
翼盒魔方,,0,1,0,
福建省印象五号石文化博物馆,Fujiansheng Yinxiang Wuhaoshi Culture Museum,0,0,0,
沙坡尾活态文化展示馆,Shapowei Living Culture Exhibition Hall,0,2,0,
白鹭女神雕像,Statue of Egret Goddess,0,7,0,
军梦双拥双创科技园,Military Dream Innovation &amp; Entrepreneurship Technology Park,0,0,0,
汇盈大厦,,0,0,0,
鹭潮鼓浪屿美院,,0,0,0,
圣旨珍品馆,Pavilion of Imperial Edicts,0,0,0,
乐玩街,Lewan Street,0,2,0,
保生大帝雕像,Statue of Bao-sheng-da-di,0,2,0,
燕尾山午炮遗址,Yanwei Mountain Wupao Relic Site,0,2,0,
嘉禾良库文化创意产业园,Jiahe Liangku Cultural and Creative Industrial Park,0,16,0,
捕梦人间,,0,0,0,
神奇的盔甲武士世界螃蟹馆,"House of Crabs, Amazing Warrior in Armor",0,0,0,
从聿书店,,0,4,0,
李府将军庙,Lifu Jiangjun Temple,0,0,0,
鹫峰堂,Jiufeng Hall,0,1,0,
日本警察署及宿舍旧址,Riben Jingchashu Ji Sushe Site,0,0,0,
厦门木天林园林绿化有限公司,,0,0,0,
同安城隍庙,,0,0,0,
曾林社区继成堂相泼公宫,,0,0,0,
好味亭博物馆,,0,0,0,
厦门家后生态农场,,0,0,0,
厦门同安影视城-长廊,"Long Corridor, Tong'an Movie Town, Xiamen",0,1,0,
厦门同安影视城-凉亭,"Kiosk, Xiamen Tongan Movie Town",0,0,0,
丽缘园艺,,0,0,0,
东坪山半领宫,,0,0,0,
白哈礁,,0,0,0,
九龙塘文化园,Kowloon Tong Cultural Park,0,0,0,
名校风华园,Elite Universities Fenghua Garden,0,0,0,
深圳四季青园林花卉有限公司,,0,0,0,
鹫峰禅院,,0,0,0,
明代大炮,Cannon of Ming Dynasty,0,0,0,
曾厝安水母世界,Cengcuo'an Shuimu World,0,0,0,
厦门怡亭绿化工程有限公司,,0,0,0,
大离浦屿,,0,0,0,
小离浦屿,,0,0,0,
鼓浪屿管风琴艺术中心,Gulangyu Guanfengqin Art Center,0,13,0,
集美后田渔村,,0,0,0,厦门最干净的海岸之一。
海沧青礁慈济祖宫景区,Haichang Qingjiaocijizugong Scenic Spot,0,0,0,
厦门文化博览馆,WenHua BoLanGuan,0,0,0,
厦门尚忠文明街,ShangZhong WenMing Jie,0,0,0,
厦门博饼民俗街,XiaMen BoBing MinSu Jie,0,0,0,
厦门前埔不夜城,QianPu BuYeCheng,0,10,0,
厦门莲坂时尚地下街,LianBan ShiShang DiXia Jie,0,0,0,
厦门摩尔莲花美食街,MoEr LianHua MeiShiJie,0,0,0,
厦门闽台特色食品街,MinTai TeSe ShiPin Jie,0,0,0,
厦门金山花园商业街,JinShan HuaYuan ShangYeJie,0,0,0,
厦门假日集市地下步行街,JiaRi JiShi DiXia BuXingJie,0,0,0,
厦门虎城美食街,HuCheng MeiShiJie,0,0,0,
湖里金街,HuLiJin Jie,0,0,0,
厦门光华美食街,GuangHua MeiShiJie,0,0,0,
厦门古城风云游览馆,GuCheng FengYun YouLanGuan,0,0,0,
厦门福满步行街,FuMan BuXingJie,0,0,0,
厦门福津商业大街,FuJin ShangYe DaJie,0,0,0,
厦门福隆美食街,FuLong MeiShiJie,0,0,0,
厦门服饰商业街,FuShi ShangYeJie,0,0,0,
厦门都市恬园商业步行街,DuShi TianYuan ShangYe BuXingJie,0,0,0,
厦门CE尚品街,CE ShangPin Jie,0,0,0,
翠丰温泉,Trithorn Hotspring,0,0,0,
莲花森林公园,Lianhua Forest Park,0,0,0,
福建海洋珍稀物种自然保护区,Fujian Rare Species of Marine Nature Reserve,0,0,0,
东方龙珠城堡,Dongfanglongzhu Castle,0,0,0,
厦门工学院,Xiamengong College,0,0,0,
濒危灭绝动物探索馆,Museum of Endangered Species,0,4,0,
香山公园,Xiang Mountain Park,0,11,0,
台湾街,Taiwan Street,0,0,0,
千波亭,Qianbo Pavilion,0,1,0,
林氏府,Mansion of Family Lin,0,0,0,
厦大群贤楼群,Cluster of Qunxian Buildings in Xiamen University,0,4,0,
厦门大学钟林美广场,Xiamen Daxue Zhonglinmei Square,0,6,0,
厦门海关验货员公寓旧址,Xiamen Haiguan Yanhuoyuan Gongyu Site,0,1,0,
博爱医院旧址,Former Pok Oi Hospital,0,4,0,
瞰青别墅,Kanqing Villa,0,1,0,
英国伦敦差会女传教士宅,Former London Women Missionary Society Residence,0,7,0,
英商亚细亚火油公司旧址,Former Office Building of British Asiatic Petroleum Company,0,0,0,
厦门表白墙,Xiamen Confession Wall,0,0,0,
雨林世界,Yulin World,0,19,0,
厦门海堤纪念公园,Xiamen Haidi Jinian Park,0,6,0,
天湖大厦,,0,0,0,
环岛路烂尾楼,,1,1,0,面朝大海的白色烂尾楼，背景是一览无余的蓝色大海，加上废墟感的简约楼梯，是小众又好看的拍照地，这里又被喻为废墟版纪念碑谷。
悦成老爷车博物馆,A.Change Classic Car Museum,0,5,0,
厦门红点设计博物馆,Xiamen Hongdian Sheji Museum,0,16,0,
凌云玉石博物馆,Lingyunyushi Museum,0,37,0,
舫山儿童公园,Fang Mountain Children Park,0,3,0,
厦门紫云岩,Xiamen Ziyun Rock,0,0,0,
Art.pop泡泡艺术中心,Art.pop Paopao Center,0,14,0,
片仔癀博物馆,Pianzaihuang Museum,0,11,0,
厦门火车站-南广场,,0,10,0,
青礁村院前社,Qingjiao Village Yuanqian Club,0,2,0,
珊瑚礁海洋世界,Shanhujiao Haiyang World,0,36,0,
林文庆别野,Lin Wenqing Villa,0,1,0,
莲福美术馆,Lianfu Gallery,0,0,0,
青礁慈济祖宫-凉亭,"Kiosk, Qingjiao Ciji Ancestral Palace",0,2,0,
三国广场,Sanguo Square,0,0,0,
财富广场,Caifu Square,0,0,0,
奥永广场,Aoyong Square,0,2,0,
东屿堂,Dongyu Church,0,0,0,
林语花溪体验中心,Linyuhuaxi Tiyan Center,0,0,0,
萨本栋广场,Sabendong Square,0,0,0,
厦门吕塘香山,Xiamen Lvtang Xiangshan Mountain,0,0,0,
国际园中心广场,Guojiyuan Center Square,0,0,0,
棋乐广场,Qile Square,0,0,0,
静志寺塔基地宫,Jingzhi Pagoda Base Palace,0,0,0,
画廊旅馆(故驿店),,0,7,0,
庙口老奶奶(龙头路店),,0,0,0,
天衢古道公园(建设中),,0,0,0,
日东公园-音乐广场,Ridong Gongyuan-Yinyue Square,0,0,0,
古楼龙山宫,"Longshan Palace, Gulou",0,0,0,
埭头慈济宫,Daitou Ciji Palace (South Gate),0,0,0,
湖里街道仙岳山激情广场,Huli Residential District Xianyueshan Jiqing Square,0,3,0,
集美始祖墓,Jimei Ancestor Tomb,0,1,0,
崎头妈祖宫,Qitou Mazu Palace,0,0,0,
北大生物园(金尚路),Peking University Biological Park (Jinshang Road),0,0,0,
小坪森林公园-莲花国家森林公园,Xiaoping Senlin Gongyuan-Lianhua National Forest Park,0,0,0,
莲坂村五岳兴莲北山宫,Lianbancun Wuyue Xinglian Beishan Palace,0,0,0,
厦门市集美区后溪镇苏营皇渡庵(皇帝井),"Suying Huangdu Nunnery (Emperor Well), Houxi Town, Jimei District, Xiamen",0,0,0,
甘露寺,Ganlu Temple,0,1,0,
分源宫,Fenyuangong,0,0,0,
太岁殿,Taisui Palace,0,0,0,
正顺宫,Zhengshun Palace,0,0,0,
洪山柄东堂宫,Hongshan Bingdong Tanggong,0,0,0,
厦门儿童公园一期,Xiamen Children's Park Phase I,0,0,0,
红十字文化广场,Hongshizi Culture Square,0,4,0,
坂美公园,Banmei Park,0,0,0,
郎天府宫戏台,Langtianfugong Stage,0,0,0,
天鹅广场,Tian'e Square,0,0,0,
时代广场,Shidai Square,0,1,0,
吕厝保安宫,"Baoan Palace, Lvcuo",0,1,0,
妈祖宫,Mazu Palace,0,0,0,
半岭土地公庙,Banling Earth God Temple,0,1,0,
台湾免税公园,Dadeng Xiaozhen Taiwan Mianshui Park,0,5,0,
濠头社区-文化广场,Haotou Shequ- Culture Square,0,0,0,
汇丰银行职员公寓旧址,Huifeng Yinhang Zhiyuan Gongyu Site,0,5,0,
仔树礼拜堂,Zaishu Chapel,0,0,0,
新区福音堂永升聚会点,Yongsheng Gathering Place of New District Gospel Church,0,0,0,
厦门市鼓浪屿风景名胜区-鼓浪屿码头遗迹,"Gulangyu Wharf Relics, Gulangyu Island Scenic Area, Xiamen City",0,4,0,
厦门金尚法治文化广场,Xiamen Jinshang Fazhi Culture Square,0,0,0,
厦门市航海学会,,0,0,0,
中国交通运输部中国救捞,,0,0,0,
保提教会,Baoti Church,0,0,0,
一善禅,,0,0,0,
英国亚细亚火油公司旧址,,0,1,0,
杏林市民广场,Xinglinshimin Square,0,4,0,
厦门机场-园林广场,Xiamen Jichang-Yuanlin Square,0,24,0,
益城教会,Yicheng Church,0,0,0,
金领广场,Jinling Square,0,0,0,
厦门火车站-北广场,,0,0,0,
七星音乐岛,Seven-Star Music Island,0,0,0,
杏林杏西广场,Xinglinxingxi Square,0,0,0,
水晶森林二期,,0,0,0,
古楼广场,Gulou Square,0,0,0,
湖畔广场,Hupan Square,0,0,0,
首开领翔国际二期-首开花郡,,0,0,0,
停车场山游乐园西南,,0,0,0,
水晶森林一期,,0,0,0,
芸溪廉政文化园,Yunxi Clean Government Culture Park,0,0,0,
安全文化广场,Anquan Culture Square,0,0,0,
幸福广场,Xingfu Square,0,0,0,
人口文化园,Population Cultural Park,0,0,0,
厦门火车站-小广场,,0,0,0,
顶溪头村文化园,Dingxitou Village Cultural Park,0,0,0,
闽王广场,Minwang Square,0,0,0,
孔子广场,Kongzi Square,0,0,0,
旋律广场,Xuanlv Square,0,0,0,
霞梧广场,Xiawu Square,0,0,0,
厦门·集美法治文化苑,"Jimei Legal Culture Garden, Xiamen",0,2,0,
曾营社区月美文化广场,Cengying Shequ Yuemei Culture Square,0,0,0,
风情广场,Fengqing Square,0,0,0,
法治文化苑,Rule of Law Culture Garden,0,0,0,
咖啡公园(湖明店),Coffee Park (Huming Branch),0,0,0,
奥永城市休闲广场停车场(入口),,0,0,0,
定琳院,,0,0,0,
西山郊野公园,Xishanjiaoye Park,0,0,0,
铜钵岩寺,Tongboyan Temple,0,0,0,
龙虎宫,Dragon and Tiger Palace,0,0,0,
地震公园(同安),Dizhen Park (tong'an),0,0,0,
渡桥公园,Duqiao Park,0,0,0,
华侨大学-校史馆,,0,0,0,
如醉初醒,,0,0,0,
张氏宗祠,Ancestral Hall of Family Zhang,0,2,0,
福星宫,Fuxing Palace,0,0,0,
名松生态园,Mingsong Ecological Park,0,0,0,
白头公园,Baitou Park,0,0,0,
211工程院校展示厅-天津大学,211 Gongcheng Yuanxiao Zhanshiting-Tianjin University,0,0,0,
颐和殿,Yihe Palace,0,0,0,
林氏祠堂,Linshi Ancestral Hall,0,0,0,
锦园教堂,Jinyuan Church,0,0,0,
三富翁庙,Temple of Three Rich Men,0,0,0,
游乐设施店,,0,0,0,
金汤宫,,0,1,0,
九朝汇宝美术馆,Dynasty Treasure,0,0,0,
瑞云宫,Ruiyun Palace,0,0,0,
华侨大学华文学院-校史馆,,0,4,0,
龙海宫,Longhai Palace,0,0,0,
友唱,,0,0,0,
智趣儿童乐园,,0,0,0,
关帝庙,Emperor Guan Temple,0,1,0,
路达厨艺文化艺术博物馆,Ludachuyi Culture Art Museum,0,2,0,
林后青龙宫,Linhou Qinglong Palace,0,0,0,
福隆体育公园,Fulongtiyu Park,0,0,0,
寒江雪博物馆,Hanjiangxue Museum,0,0,0,
至善大礼堂,Supreme Good Hall,0,0,0,
六一物语,,0,0,0,
中华将军纪念馆,Zhonghuajiangjun Memorial Hall,0,0,0,
皇隅头圣殿,Huangyutou Imperial Palace,0,0,0,
广福寺,Guangfu Temple,0,2,0,
陈第·沈有容题名石刻,Stone Inscription with Chen Di &amp; Shen yourong’s Headings,0,0,0,
友唱,,0,0,0,
法师楼,,0,0,0,
厦门人防科普长廊,Xiamen Civil Air Defense Science Corridor,0,0,0,
阮旻锡夕阳寮隐居处遗址,Ruanminxi Xiyangliao Yinjuchu Ruins,0,0,0,
友唱,,0,0,0,
慈济北宫,Ciji North Palace,0,0,0,
郑成功读书处,Childhood Residence of Zheng Chenggong,0,0,0,
厦港龙珠殿,Xiagang Dragon Ball Palace (formerly known as Diaocao Palace),0,1,0,
植物园科普展馆,Science Popularization Exhibition Hall of Botanical Garden,0,14,0,
朝宗宫,Chaozong Palace,0,0,0,
大航海时代与鼓浪屿-西洋古文献特展,,0,0,0,
陈金方故居,Chenjinfang Former Residence,0,0,0,
闽台中医药博物馆,Mintaizhongyiyao Museum,0,1,0,
厦门禅心书画院,,0,0,0,
琇源科技3d艺术质感涂料(同安区总代理),,0,0,0,
叶郡马墓,Ye Junma Tomb,0,0,0,
兴贤宫行宫,Gulangyu Xingxian Palace （East Gate）,0,2,0,
蔡献臣墓,Cai Xianchen’s Tomb,0,0,0,
关帝庙,Emperor Guan Temple,0,0,0,
长兴庙,Changxing Temple,0,0,0,
北山公园,Bei Mountain Park,0,0,0,
轮机,Turbine,0,0,0,
鞋神遗址(埭头店),Xieshen Ruins (daitou),0,0,0,
仙帝庙,Xiandi Temple,0,0,0,
敬礼,,0,0,0,
大梦想5号,,0,0,0,
小东山龙会宫,Longhui Palace,0,0,0,
龙惠宫,Longhui Palace,0,0,0,
后浦戏台,Houpu Stage,0,0,0,
东山岩,Dongshanyan Temple,0,0,0,
美女土楼·木雕博物馆,Meinv Tulou·mudiao Museum,0,0,0,
游乐设施,,0,0,0,
翻斗乐儿童乐园,,0,0,0,
亿儿乐儿童乐园,,0,0,0,
厦门海沧玛瑙博物馆,Xiamenhaicangmanao Museum,0,0,0,
霞阳市民公园,Xiayangshimin Park,0,0,0,
友唱,,0,0,0,
教体艺,,0,0,0,
优贝盛,,0,0,0,
迷鹿公园,Milu Park,0,0,0,
仙鹤楼,Xianhe Pavilion,0,0,0,
永济宫,Yongji Palace,0,0,0,
洪厝公园,Hongcuo Park,0,0,0,
保生大帝,,0,0,0,
镇安宫,Zhen'an Palace,0,0,0,
凯9台球会所,,0,0,0,
裕鑫古物馆a展区,"Exhibition Area A, Yuxin Antiquities Museum",0,0,0,
东山胜境,Dongshan Scenic Spot,0,0,0,
西班首寮,,0,0,0,
澎湖阵亡将士祠碑,Memorial Tablet for Fallen Officers and Soldiers in Penghu,0,0,0,
诚爱公园,Cheng'ai Park,0,2,0,
同文观音堂,Tongwen Guanyin Hall,0,0,0,
佛教居士林,Buddhist Lodge,0,0,0,
真耶稣教会厦港堂,,0,0,0,
忠仑神霄宫妈祖庙,"Mazu Temple, Shenxiao Palace, Zhonglun",0,0,0,
集福堂,,0,1,0,
ROCKPARK摇滚公园,Rockpark Yaogun Park,0,1,0,
友唱,,0,0,0,
友唱,,0,0,0,
Luck Star2,Luck Star2,0,0,0,
湖里人口文化园,Huli Population Cultural Park,0,0,0,
在自观,,0,0,0,
印合堂,,0,0,0,
佛字岩,Buddha Rock,0,3,0,
强食公园,Qiangshi Park,0,1,0,
龙头山寨遗址,Longtoushanzhai Ruins,0,7,0,
龙湫庵,Longqiu Nunnery,0,2,0,
孙中山塑像,Statue of Sun Yat-sen,0,0,0,
石仓玉禀宫,,0,0,0,
代天府,Daitian Mansion,0,0,0,
伽蓝殿,Qielandian,0,1,0,
贝美嘉儿童乐园,,0,0,0,
基督教官浔堂,Christian Guanxun Church,0,0,0,
双圳头基督教堂,Shuangzhentou Christ Church,0,0,0,
拱辰庙,Gongchen Temple,0,0,0,
厦门银同天后宫,"Yintong Thean Hou Temple, Xiamen",0,1,0,
古龙产品体验中心,Gulong Chanpin Tiyan Center,0,0,0,
怀远公园,Huaiyuan Park,0,0,0,
昭塘观音寺,Zhaotangguanyin Temple,0,2,0,
慈悲堂,Mercy Hall,0,0,0,
哈动园,,0,0,0,
前场社区公园,Qianchangshequ Park,0,0,0,
霞阳植德堂,Xiayang Zhide Hall,0,0,0,
佛祖山社区公园,Fozushan Shequ Park,0,0,0,
内茂社区公园,Neimaoshequ Park,0,0,0,
新阳人口文化园,Xinyang Population Cultural Park,0,0,0,
真耶稣教会杏北教堂,Zhen Yesu Jiaohui Xingbei Church,0,0,0,
天龙寺,Tianlong Temple,0,0,0,
海沧后柯关帝庙,"Emperor Guan Temple, Houke Village, Haicang District",0,0,0,
厦门市湖里区公园管理中心灯塔公园,Xiamenshi Huliqu Gongyuan Guanli Zhongxin Dengta Park,0,0,0,
王公宫,Wanggong Palace,0,0,0,
颍川衍派,,0,0,0,
文化墙,Culture Wall,0,0,0,
五岭仙灵阁,"Xianling Pavilion, Wuling",0,0,0,
洞炫宫,Dongxuan Palace,0,0,0,
晋竹寺,Jinzhu Temple,0,0,0,
贝美嘉儿童乐园(前埔店),,0,0,0,
哆唻咪儿童乐园,,0,0,0,
湖边公园,Hubian Park,0,8,0,
雁塔敬贤堂,Yanta Jingxian Hall,0,0,0,
西河祠堂,Xihe Ancestral Hall,0,1,0,
连心园,Lianxinyuan,0,0,0,
陈嘉庚与青年学生群雕,Statues of Tan Kah Kee and Young Students,0,0,0,
能仁寺,Nengren Temple,0,0,0,
厦门海沧南海观音阁,"South Sea Guanyin Pavilion, Haicang, Xiamen",0,0,0,
厦门消防科技教育馆,Xiamen Fire Science and Technology Education Museum,0,0,0,
厦门海关新关关署遗址,Xiamen Haiguan Xinguan Guanshu Ruins,0,1,0,
快乐学习博物馆小班授课校区,,0,0,0,
水陆北宫·灵山寺,Shuilu Beigong·ling Mountain Temple,0,0,0,
凤山宫,,0,0,0,
长园社仙祖庵,,0,0,0,
王氏家庙,Temple of Family Wang,0,0,0,
黄克立先生纪念室,,0,0,0,
张氏祠堂,Zhangshi Ancestral Hall,0,1,0,
嘻哆哆儿童乐园,,0,0,0,
苏州苏苑-凉亭,,0,0,0,
集美大学印斗校区北区-基石,"Cornerstone, North District, Yindou Campus, Jimei University",0,0,0,
后河堂基督教,Christian Houhe Church,0,0,0,
帝君庙,Emperor Temple,0,0,0,
霞露正一宫(玄壇宫),Xialu Zhengyi Palace (Xuantan Palace),0,0,0,
翔安区广明寺,Xiang'anqu Guangming Temple,0,0,0,
基督教埭头堂,Christian Daitou Church,0,0,0,
哆哆儿童乐园,,0,0,0,
福济殿,,0,0,0,
路过移动人文空间,,0,0,0,
妙莲寺,Miaolian Temple,0,5,0,
西潘六角池公园,Xipan Liujiaochi Park,0,0,0,
会福殿,Huifu Palace,0,0,0,
青鸟,,0,0,0,
玉石博物馆,Yushi Museum,0,1,0,
深青古驿站,Shenqing Ancient Post,0,0,0,
保安殿,Baoan Palace,0,2,0,
威灵殿,Weiling Palace,0,0,0,
坂尾池王府,Banweichi Prince Palace,0,0,0,
圣诞祈福之旅主办方,,0,0,0,
QQ手工坊,,0,0,0,
财神宫,God of Fortune Palace,0,0,0,
厦门市信息消费体验厅,Xiamen Information Consumption Experience Hall,0,0,0,
金尚公园,Jinshang Park,0,6,0,
母子铜像,Bronze Statue of Mother and Son,0,0,0,
台湾财神爷堂,"God of Fortune Hall, Taiwan",0,0,0,
昊天玉皇宫,Haotian Jade Emperor Palace,0,4,0,
龙湫亭,Longqiu Pavilion,0,1,0,
天主教堂(临时),Tianzhu Church (linshi),0,0,0,
白鹭洲公园东公园,Bailuzhou Gongyuan Dong Park,0,3,0,
天天哈乐儿童游乐园,,0,0,0,
Lai-baby,Lai-baby,0,0,0,
厦门市湖边社福庆宫,"Fuqing Palace, Huli District, Xiamen",0,0,0,
涌泉宫,Yongquan Palace,0,1,0,
安武关帝庙,"Emperor Guan Temple, Anwu",0,0,0,
东门纪念碑,East Gate Monument,0,1,0,
长兴宫,Changxing Palace,0,0,0,
多浆植物展馆,Pulpy Plants Exhibition Hall,0,0,0,
禾济宫,Heji Palace,0,0,0,
如意寮,Ruyi Dwelling,0,0,0,
信园,,0,0,0,
云塔寺,Yunta Temple,0,0,0,
妈祖宫,Mazu Palace,0,0,0,
欣奇儿童乐园,,0,0,0,
地藏殿,,0,0,0,
乐羊羊儿童天地,,0,0,0,
亭仔庵,Tingzai Nunnery,0,0,0,
奇乐儿(厦门瑞景店),,0,0,0,
洪氏祖陵,Ancestral Mausoleum of Family Hong,0,0,0,
南京夫子庙,Nanjing Confucius Temple,0,9,0,
犁园,Liyuan Scenic Area,0,0,0,
跳公园,Tiao Park,0,0,0,
洪坑社万应宫,Hongkengshe Wanying Palace,0,0,0,
林菽庄伊豆酥,,0,0,0,
三老肉脯干（鼓浪屿旗舰店）,,0,0,0,
老虎城三楼新食尚文化美食城广场,Laohucheng San Lou Xinshishang Wenhua Meishicheng Square,0,0,0,
三和宫记摩崖石刻,Epigraphy on the Restoration of the Sanhe Taoist Temple,0,9,0,
厦门归侨史迹馆,GuiQiao ShiJiGuan,0,0,0,
厦门王将文化艺术展览馆,WangJiang WenHua YiShu ZhanLanGuan,0,0,0,
厦门市建设成就展示厅,XiaMenShi JianShe ChengJiu ZhanShiTing,0,0,0,
五通灯塔足球训练场,,0,0,0,
全明星蜡像群展,,0,0,0,
蔡天安画廊,,0,0,0,
厦门文化婚俗展览馆,Xiamen Wenhua Hunsu Exhibition hall (feiwenhuayichan),0,0,0,
钟山剧场,,0,0,0,
华荟极地美术,,0,0,0,
环亚室内设计公司,,0,0,0,
东方红画艺,,0,0,0,
街区24小时自助图书馆,,0,0,0,
坂上蓝球场,,0,0,0,
东山蓝球场,,0,0,0,
童画少儿美术馆,,0,0,0,
多福居船木艺术馆,,0,0,0,
随安古美术馆,Sui'angu Art Gallery,0,5,0,
厦门市园建园林有限公司,,0,0,0,
集美区24小时自助图书馆,,0,0,0,
纺织社区书院,,0,0,0,
思明区24小时自助图书馆,,0,0,0,
集美区24小时自助图书馆,,0,0,0,
明德英文图书馆,,0,0,0,
湖里区24小时自助图书馆,,0,0,0,
下坂戏剧场,,0,0,0,
圣格尔画廊,,0,0,0,
阿兰诺画廊,,0,0,0,
添彩画廊,,0,0,0,
思明区24小时自助图书馆,,0,0,0,
无界限青少年剧场(思明剧场),,0,0,0,
印象五号·石文化艺术馆,,0,0,0,
径美画廊,,0,0,0,
臻品艺术馆,Zhenpin Art Museum,0,0,0,
祥风画廊,,0,0,0,
支点画廊,,0,0,0,
彩艺空间画廊,,0,0,0,
哲福画廊,,0,0,0,
吉萃画廊,,0,0,0,
永良奇石馆,,0,0,0,
客家缘球场(小炒店),,0,0,0,
木子李画廊,,0,0,0,
曾美莲画廊,,0,0,0,
浙西画廊,,0,0,0,
高远艺术馆,,0,0,0,
壹笔画廊,,0,0,0,
中国思健蜂主题健康科技馆,Sijian Bee Theme Health Science and Technology Museum of China,0,0,0,
扎克仪器技术有限公司,,0,0,0,
渊轩画廊,,0,0,0,
千江月画廊,,0,0,0,
柒宝斋,,0,0,0,
豪凯鑫画廊,,0,0,0,
奕金画廊,,0,0,0,
泉舜艺术馆,,0,0,0,
优尔美画廊,,0,0,0,
博古性文化馆,Bogu Sex Culture Museum,0,0,0,
蒋伯伯,,0,0,0,
马士基,,0,0,0,
上街上饮,,0,0,0,
球场会馆餐厅,,0,0,0,
爱家生活馆,,0,0,0,
来厦员工图书馆,,0,0,0,
少儿英语培训-原版美国教材,,0,0,0,
伯雅书画展览馆,,0,0,0,
番子澳,,0,0,0,
Up-game,Up-game,0,0,0,
程强开心游乐园,,0,0,0,
变形金刚30周年展,,0,0,0,
伴学童儿童淘气乐园,,0,0,0,
奇幻_不思议3D奇幻艺术画展,,0,0,0,
陈嘉庚纪念胜地景区,,0,0,0,
丹心卓艺画苑,,0,0,0,
瀚画廊,,0,0,0,
涂途画苑,,0,0,0,
染,,0,0,0,
上上品家居艺术馆,,0,0,0,
罗宾森3d画展,,0,9,0,
弘慈书画苑,,0,0,0,
四合书画苑,,0,0,0,
军事博物馆,Junshi Museum,0,0,0,
邓丽君诞辰60周年纪念特展,,0,0,0,
纯真博物馆,Chunzhen Museum,0,0,0,
华美家具艺术馆,,0,0,0,
波比足球俱乐部,,0,0,0,
蜂道文化馆,,0,0,0,
上古博物馆,Shanggu Museum,0,0,0,
蜂道文化馆,,0,0,0,
sugar社交油画,,0,0,0,
圣达辉画廊,,0,0,0,
忆宝斋陈设艺术馆,,0,0,0,
天鹅湖文化艺术馆,,0,0,0,
汇友户外·穿越万石植物园,Huiyouhuwai·chuanyuewanshi Botanical Garden,0,11,0,
立林画廊,,0,0,0,
宝树轩书画院,,0,0,0,
中沧艺博艺术馆,,0,0,0,
刻章博物馆,Kezhang Museum,0,6,0,
大洋美术馆,,0,0,0,
海沧油画城,Haicang Oil Painting Town,0,0,0,
领军之韵红木艺术馆,,0,0,0,
阿特斯文化艺术馆金尚馆,,0,0,0,
厦港街道鸿山社区图书阅览室,,0,0,0,
沧海油画村,Canghai Oil Painting Village,0,0,0,
闽台书画院,,0,0,0,
台湾画院,,0,0,0,
翔兴怡游乐,,0,0,0,
吾得馨画行,,0,0,0,
东孚城市规划展示馆,Dongfu Urban Planning Exhibition Hall,0,0,0,
笔架山,Bijiashan Mountain,0,1,0,
两岸金融中心展馆,Exhibition Hall of Cross-Strait Financial Center,0,0,0,
艺峰书画院,,0,0,0,
梧村影剧院,,0,0,0,
少年先锋队队歌广场,Shaonian Xianfengdui Dui Ge Square,0,0,0,
大屏山郊野公园,Dapingshan Jiaoye Park,0,33,0,
水源宫,Shuiyuan Temple,0,1,0,
凤山庵,,0,0,0,
福源宫,Fuyuan Palace,0,0,0,
仙岳山土地宫,Xianyueshan Tudigong,0,9,0,
基督教寨上堂,Christian Zhaishang Church,0,4,0,
基督教钟宅堂,Christianity Zhongzhai Church,0,0,0,
高林公园,Gaolin Park,0,5,0,
国贸凤凰园,International Trade Phoenix Park,0,3,0,
五一文化广场,Wuyi Culture Square,0,15,0,
女神广场,Great Goddess Square,0,25,0,
馨园,,0,3,0,
演武池遗址,Yanwuchi Relic Site,0,7,0,
鹭岛名山,Ludaoming Mountain,0,2,0,
演武公园,Yanwu Park,0,21,0,
帆礁宫,Fanjiaogong,0,0,0,
鹭江社区公园,Lujiang Community Park,0,16,0,
陈化成墓,Chenhuacheng Tomb,0,3,0,
庆福寺,Qingfusi,0,5,0,
嘉禾园,Jiahe Garden,0,26,0,
清真寺,Mosque,0,3,0,
朝天宫,Chaotian Palace,0,1,0,
厦门雪峰寺,Xiamen Xuefeng Temple,0,3,0,
顺济宫,Shunji Palace,0,0,0,
鸽子广场,Gezi Square,0,17,0,
劳动公园,Laodong Park,0,9,0,
城隍庙,Town God's Temple,0,9,0,
慈济圣宫,Ciji Shenggong （South Gate）,0,0,0,
池王宫,Chiwanggong,0,9,0,
拱莲古寺,Gonglian Naos （South Gate）,0,0,0,
芦山堂,,0,6,0,
东山古庙,Dongshan Ancient Temple,0,5,0,
同安古城墙,Tong'an Ancient City Wall,0,5,0,
葫芦山烈士陵园,Hulushan Martyrs’ Cemetery,0,3,0,
西山岩寺,Xishanyan Temple,0,0,0,
东岳行宫,Dongyue Palace,0,1,0,
宅内古榕公园,Zhainei Ancient Banian Park,0,3,0,
月美池公园,Yuemeichi Park,0,5,0,
西竺寺,Xizhu Temple,0,1,0,
大明寺,Daming Temple （East Gate）,0,0,0,
城隍庙,Town God's Temple,0,0,0,
铁炉宫,Tielugong,0,1,0,
饶美宫,Raomei Palace,0,1,0,
复兴宫,,0,0,0,
古榕公园,Gurong Park,0,5,0,
金嶝回归寺,Jindenghuigui Temple,0,1,0,
仙岳山福德正神庙,"Earth God Temple, Xianyue Mountain",0,13,0,
崇仙宫,Chongxian Palace,0,3,0,
宝海堂,Baohai Hall,0,0,0,
第一码头,Xiamen First Pier,0,39,0,
擁湖宫,Yonghu Palace,0,12,0,
福海宫,Fuhaigong,0,27,0,
蔡复一故居,Caifuyi Former Residence,0,2,0,
天竺岩寺,Tianzhuyan Temple,0,4,0,
双溪公园,Shuangxi Park,0,9,0,
牛头山,Niutou Mountain,0,8,0,
芸溪居住公园,Yunxijuzhu Park,0,2,0,
同安蝴蝶谷,Butterfly Valley,0,0,0,
筼筜内湖,YundangLake,0,27,0,
薛岭山公园,Xueling Mountain,0,18,0,
仙洞山,Xiandong Mountain,0,5,0,
乌营寨山,Wuyingzhai Mountain,0,0,0,
太清宫,Taiqing Palace,0,13,0,
松柏山,Songbai Mountain,0,5,0,
上李山,Shangli Mountain,0,1,0,
三秀山,Sanxiu Mountain,0,0,0,
芹山,Qin Mountain,0,0,0,
南堤公园,Nandi Park,0,7,0,
磨心山,Moxin Mountain,0,9,0,
妙清寺,Miaoqing Temple,0,2,0,
基督教,Xiamen New District Gospel Church,0,9,0,
后厝山,Houcuo Mountain,0,15,0,
鬼仔坑水库,Guizikeng Reservoir,0,0,0,
归来园,Homecoming Garden,0,11,0,
厦门东坪山,Xiamendongping Mountain,0,4,0,
东芳山,Dongfang Mountain,0,13,0,
大溪山,Daxi Mountain,0,0,0,
厦门市第二中学鼓浪屿校区,,0,27,0,
厦大一条街,Shadayitiao Street,0,40,0,
集美游览区,Jimei Tourist Area,0,30,0,
集美大学诚毅校区,,0,9,0,
观音山沙滩,Guanyin Mountain Beach,0,35,0,
莲花山,Fujianlianhua Mountain,0,7,0,
大学路,University Road,0,34,0,
海下隧道,,0,8,0,
海沧儿童公园蝴蝶生态园,Haicang Ertong Gongyuan Hudie Ecological Park,0,14,119,
老院子民俗文化风情园景区,Laoyuanzi Minsu Wenhua Fengqingyuan Sceneic Area,0,9,31,
筼筜书院,Yundang College,0,12,351,
24小时自助图书馆,,0,2,347,
少年儿童图书馆(东荣社区分馆),Xiamen Children's Library (Dongrong Community Branch),0,2,348,
苏颂文化广场,Susong Culture Square,0,0,365,
莲塘别墅,Lotus Pond Villa,1,2,289,
杰熙帆船游艇,,0,0,288,
新城市民广场,Xinchengshimin Square,0,6,357,
金街,Jimeijin Street,1,12,287,
桥·空间,Bridge · Space,0,3,360,
苏营皇帝井(皇渡庵),"Emperor Well (Huangdu Nunnery), Suying Village",0,2,363,
泰迪之家,,0,0,129,
腾邦欣欣旅游产业园,Tengbang Xinxin Tourism Industrial Park,0,0,364,
忠伦公园多肉植物馆,,0,28,148,
自贸公园,Zimao Park,0,1,217,
中华城 艺术空间,China Town Art Space,0,6,366,
老城微展馆,Old Town Micro Exhibition Hall,0,1,286,
福建省鼓浪屿馅饼食品文化博物馆,Fujian Gulangyu Pie Food Cultural Museum,0,29,368,
厦门美术馆(文化馆),Xiamen Art Gallery,0,2,285,
白鹭洲公园音乐广场,Bailuzhou Gongyuan Yinyue Square,2,22,370,
厦门儿童公园二期,Xiamen Children's Park Phase II,0,20,371,
开禾路口,Kaihe Intersection,3,16,284,
罗扬才烈士陵园,Cemetery of Martyr Luo Yangcai,0,1,372,
联发华美空间,Huamei Park,3,21,218,
陈嘉庚珍藏文物展,,0,8,373,
会展步行街,Huizhan Walking Street,0,9,374,
中岩寺,Zhongyan Temple,0,3,375,
出米岩,Chumiyan Stone Cavern,0,0,377,
华报书院,,0,0,378,
萤火虫之魔幻森林主题公园,Yinghuochong Zhi Mohuan Forest Theme Park,0,3,73,
回旋炮,,0,1,281,
津贺杨梅园,Jinhe Bayberry Garden,0,0,380,
厦门城遗址,Xiamencheng Ruins,0,5,187,
嘉庚文化广场,Jiageng Culture Square,0,9,383,
南普陀寺钟楼,"Bell Tower, South Putuo Temple",0,12,384,
圆海宫,Yuanhaigong,0,0,385,
许通海微雕博物馆,Xutonghai Weidiao Museum,0,0,387,
中山公园花展西院,"Flower Show West Courtyard, Zhongshan Park",0,8,388,
三官道院,Sanguan Daoyuan,0,0,280,
厦门大学鼓浪屿环岛路,"Huandao Road, Gulangyu Island, Xiamen University",0,50,65,
海洋三所鲸豚展馆,"Whale and Dolphin Pavilion, Third Institute of Oceanography",0,1,99,
海韵台海滩,Haiyuntai Beach,0,5,391,
火炬公园,Huoju Park,0,13,392,
美仁园,Meiren Garden,0,9,393,
中华白海豚雕像,Statue of Chinese White Dolphin,0,2,394,
厦门国际动漫展,,0,8,395,
宝荣通美术馆,Baorongtong Gallery,0,0,396,
彩虹沙滩,Rainbow Beach,0,2,397,
侏罗纪活体恐龙展,,0,4,186,
香草园,Vanilla Herb Garden,0,14,400,
寨遗址,Zhai Ruins,0,3,402,
南尾井,Nanweijing Village,0,0,279,
风景湖公园,Fengjinghu Park,0,5,403,
扬帆公园,Yangfan Park,1,1,404,
基督教两会,Xiamen Christian Second Meeting,0,2,405,
银湖公园,Yinhu Park,0,12,406,
延平楼,Yanping Building,0,4,407,
香山岩寺,Xiangshanyan Temple,0,27,408,
厦门市同安区科技馆,"Science and Technology Museum of Tong'an District, Xiamen",0,1,409,
万寿塔,Wanshou Tower,1,16,410,
苏颂公园,Susong Park,0,8,411,
福隆·国际商业步行街,Fulong·Guoji Shangye Walking Street,0,10,278,
传世艺宫美术馆,Chuanshiyigong Gallery,0,1,412,
陈敬贤墓塔,Tomb Tower of Chen Jingxian,0,5,277,
陈化成祠,Chen Huacheng Temple,0,3,413,
厦门规划展览馆,Xiamenguihua Exhibition hall,0,2,414,
汉堂美术馆,Hantang Art Gallery,0,2,416,
武西殿土地公庙,"Earth Temple, Wuxi Palace",0,0,417,
万佛宝塔,Wanfo Baota,1,2,276,
妈祖像,Statue of Mazu,0,5,170,
谦记古美术馆,Humble Art &amp; Antique Museum,0,4,418,
古龙居住公园,Gulong Inhabitancy Park （South Gate）,0,9,184,
前埔健身公园,Qianpujianshen Park,0,34,210,
巴黎广场步行街,BaLi GuangChang BuXingJie,0,21,420,
湖里步行街,Huli Pedestrian Street,0,1,102,
世纪画廊,,0,0,168,
花展馆,HuaZhanGuan,0,1,421,
厦门大学校史展览馆,XiaMen DaXue XiaoShi ZhanLanGuan,0,31,271,
厦门市美术馆,Xiamen Art Gallery,0,20,166,
长宏影剧院,,0,0,427,
新城规划展厅,New Town Planning Exhibition Hall,0,0,428,
后溪镇油菜花,Rape Flower Sea in Houxi Town,0,1,429,
艺术展览馆,Art Exhibition hall,0,3,430,
海沧大桥牛头山旅游区,"Niutou Mountain Tourist Area, Haicang Bridge",0,2,431,
旧雨今来轩画廊,Jiuyujinlai Art Gallery,0,6,433,
荣光宝藏博物院,Rongguang Museum of Treasures,0,9,434,
观音山海滨旅游商业街,Xiamen Guanyinshan Sea Shore Tourism Commercial Street,0,4,435,
友铭堂大型综合体验馆,Youmingtang Daxing Zonghe Experience Hall,0,3,26,
陈化成故居,Former Residence of Chen Huacheng,2,10,268,
不争公园,Buzheng Park,0,17,439,
金鸡普光寺,Xiamen Puguang Temple,0,3,440,
宝珠屿,Baozhu Islet,0,1,267,
埭辽水库,Dailiao Reservoir,1,49,442,
妙法林寺,Xiamen Miaofa Linsi （East Gate）,0,8,443,
凤山庙,Xiamen Guankou Fengshan Temple,0,9,444,
朝元观,Chaoyuan Temple,0,9,445,
蔡尖尾山,Caijianwei Mountain,0,10,446,
虎仔山,Huzai Mountain,1,10,205,
新街堂,Xinjie Church,2,19,451,
石峰岩寺,Shifengyan Temple,0,16,183,
鸿渐山,Hongjian Mountain,1,2,200,
延平公园,Yanping Park,0,8,73,
佛心寺,Fuxin Temple,0,2,453,
雄狮瀑布,Xiongshi Waterfall,0,5,455,
厦门牛庄文化馆,Niuzhuang Cultural Center,0,28,456,
殷承宗琴屋,Piano House of Yin Chengzong,0,15,74,
龙源宫,Longyuangong,0,13,457,
观音寺,Guanyin Temple,1,54,208,
厦门航天测控站,Xiamen Space Measurement and Control Station,0,6,458,
曾溪水库,Zengxi Reservoir,0,9,459,
厦门经济特区纪念馆,Xiamen Special Economic Zone Memorial Hall,0,50,265,
厦门国防园,Xiamen National Defense Park,0,19,460,
洪旭故居,Hongxu Former Residence,0,3,462,
东渡立交公园,Dongdulijiao Park,0,17,463,
中国少年先锋队队歌广场,Zhongguo Shaonian Xianfengdui Dui Ge Square,0,2,464,
英雄小八路纪念馆,Yingxiongxiao Balu Memorial Hall,0,10,465,
中国少年先锋队队歌纪念馆,Zhongguo Shaonian Xianfengdui Dui Ge Memorial Hall,0,4,466,
太平岩寺,Taiping Yansi,1,11,467,
虎溪禅寺,Huxi Temple,1,10,468,
闽台古石雕大观,Ancient Stone Carvings of Fujian and Taiwan,0,9,264,
英雄山,Yingxiong Mountain,1,6,75,
杉际内,Shan Jinei,0,2,470,
金山松石,Jinshan Songshi Scenic Area,0,7,471,
大清厦门一等邮局遗址,Xiamen First Class Post Bureau Relic Site of Qing Dynasty,0,41,263,
闽南佛学院,Minnanfu College,0,29,262,
洪本部巷,Hongbenbu Alley,0,7,474,
许家园,Xujia Garden,0,15,76,
陈士京墓,Tomb of Chen Shijing,0,4,77,
林屋,,0,10,78,
集美礼拜堂,Jimei Chapel,0,14,475,
弘一大师纪念园,Hongyidashi Memorial Park,0,29,79,
滨海大道,,2,30,476,
关隘礼拜堂,Guan'ai Chapel,0,12,477,
林巧稚纪念馆,Linqiaozhi Memorial Hall,2,30,80,
福建路,Fujian Road,1,22,81,
厦门理工学院,Xiamenligong College,1,45,478,
宁远楼,Ningyuan Building,0,37,82,
集美解放纪念碑,Jimei Liberation Monument,1,17,479,
厦门牛庄,Xiamen Niuzhuang,0,88,480,
福州大学厦门工艺美院鼓浪屿校区,,0,12,83,
原日本领事馆,Former Japanese Consulate,0,11,85,
陈嘉庚纪念馆,Tan Kah Kee Memorial Museum,3,70,195,
五缘湾海水浴场,Wuyuan Bay Bathing Beach,0,28,436,
台湾小吃街,Taiwan Snack Street,7,370,25,
后空间,,0,16,261,
耶稣君王堂,Catholic Church,0,4,86,
同安旅游区,Tong'an Tourist Area,1,67,259,
杏东公园,Xingdong Park （North Gate）,0,29,484,
日东公园,Ridong Park （Southeast Gate）,0,54,485,
敬贤公园,Jingxian Park,1,57,198,
磨鑫山,Moxin Mountain,0,28,135,
局口街,Jukou Street,10,78,71,街上有五六十家时尚前卫的女士服装店，又称女人街。
集美中学,Jimei Middle School,10,49,486,
鼓浪屿中华路,Zhonghua Road,0,51,87,
水操台,shuicaotai,1,38,89,
上玄场楼群,,0,52,487,
南普陀寺放生池,"Free Life Pond, Nanputuo Temple",0,177,190,
厦门音乐广场,Xiamen Music Square,36,166,488,
野山谷生态乐园,Wild Valley Eco-Eden (Xiamen),0,116,489,
湖里公园,Huli Park,0,119,151,
厦门海沧大桥旅游区,"Haicang Bridge Tourist Area, Xiamen",0,161,143,
中岩玉笏,Partridge Rock,0,2,492,
大轮山公园,Dalunshan Park,0,19,493,
苏颂科技馆,Su Song Science and Technology Museum,0,8,494,
小坪森林公园,Xiaoping Forest Park of Xiamen,0,11,495,
同安孔庙,Tong'an Museum,0,66,496,
大悲殿,Great Compassion Hall,9,72,258,
天王殿,Hall of Heavenly Kings,11,99,497,
南普陀寺藏经阁,"Depository of Buddhist Sutras, South Putuo Temple",9,71,136,
白城海滩,,11,5,134,白城沙滩位于厦门大学南部白城脚下，为演武大桥与胡里山炮台之间的一片美丽的沙滩。
钟林美广场,,0,1,498,钟林美广场建在西校门入口处的囊萤楼前，是海外华人钟宝玉兄弟姐妹为纪念母亲钟林美女士，捐赠款港币60万元建造的，1994年5月竣工。广场最主要的景观是在喷水池後面铜雕一似浪非浪、似鸟非鸟、似书非书的腾飞物，象征厦大一切都在腾飞。
建南楼群,,2,0,499,建南楼群系20世纪50年代初，由陈嘉庚先生的女婿李光前先生捐资、陈嘉庚先生督造的，包括建南大会堂、成义楼、成智楼、南安楼、南光楼五幢大楼，曾是厦大颇具风格的标志性建筑群。
建南大礼堂,Jiannan Auditorium,5,20,257,
群贤楼群,,3,1,500,"厦门大学群贤群楼群五幢一字排列，建在厦门市五老峰下、南普陀寺前的演武场上。以居中建筑、装饰最考究、体量也最大(2725平方米)作校办公用的群贤为名。东边为集美、映雪。西边为同,安、囊萤。建于1921-1922年，建筑面积9576平方米。为陈嘉庚独资兴…"
嘉庚楼群,,2,0,501,"嘉庚楼群座落于中国最美的大学–厦门大学校园内。该楼群以厦门大学的创办人，著名爱国华侨陈嘉庚先生的名字命名。它是厦门大学建筑系师生自已设计，由五个相连的楼组成，位于风景秀丽芙蓉湖畔。是厦门大学的标志性景观。
　　"
西校门,,4,0,182,西校门建在厦大旧主楼群贤楼群西边，由台胞、我校名誉校友张子露先生捐赠10万美元建造，1991年3月落成。西校门高7.4米，长25米，建筑面积120平方米。采用花岗石材，以左右延伸的弧面、上方两角微微翘起的长方形为造型基调，主体对称式构图上面配以…
南校门,,5,0,502,厦大有南校门，就是所谓的主校门，并不是因为它在学校的南边，只是因为毗邻南普陀寺而得名，出了南校门便是沙滩。南校门股部而端正庄严。一批批朝气蓬勃、热情洋溢的学子从这里开始大学之旅，一代代踌躇满志、怀揣憧憬的人才从这里踏入新的征途。
滴水岩,,1,0,181,植物园的一个优胜的去处，这里很幽静，空气清新，可以俯瞰半个植物园！
骆驼峰,,0,0,503,樵溪古桥、高读琴洞位于雨林世界内。
澎湖阵亡将士台,,0,0,504,巨大的石碑上镌“澎湖阵亡将士之灵”八个大字，笔力遒劲。
琴洞,,1,0,505,沿涧水上行有天然石洞，涧水穿洞而过，洞内有卧石如琴，溪水抚石，如弦带音，“倾耳静听流水调，却疑钟子写水弦”，故名“琴洞”。
万笏朝天,,1,0,506,“万笏朝天”是厦门旧二十四景中小八景之一。过去万石山上未成片植树，远远望去，均为怪石。
万石莲寺,Wanshilian Temple,0,13,507,
象鼻峰,,0,0,508,“象鼻峰”由两石并成，高七、八丈，两石间隙极小，貌酷似象鼻，石头上面镌刻“象鼻峰”，是清朝雍正年间厦门海防同知李璋所题。
万石涵翠,,2,0,509,湖上“春秋”、“天趣”双桥成趣，另有“仰止亭”、“沧趣亭”、“适然榭”等水榭亭台点缀其上，波光荡漾，意趣超凡。
太平石笑,Taiping Laughing Stone,1,22,510,
郑成功读书处,,1,0,511,洞上有一八角亭，乃“郑延平郡王读书处”，当年，这里浓荫蔽日，格外清幽，郑成功曾住在太平岩寺，常到海云洞读书，谛听溪中泉水奔流。
新碑林,New Forest of Steles,0,9,512,
天界晓钟,,1,0,513,以前这里的和尚每天清晨要敲钟下，以解“一百零八烦恼之梦”。
醴泉洞,,0,0,514,天界寺脚下有一洞，洞内有一井，洞中有泉水涌出，水质甘洌，可以酿酒，所以又称“醴泉”，洞也称“醴泉洞”。
长啸洞,,0,0,515,天界寺后有一天然岩洞，洞中有石刻，为清乾隆时期黄日纪所题。
棕榈植物区,,0,0,516,棕榈科植物多为优良的园林植物，除观赏外，还可作纤维、食品、油脂、淀粉、药材、藤材、香料等原料及建筑材料。
科普展馆,,0,0,517,向广大群众介绍了植物的基础知识、植物园的特色景观、园内的珍奇植物以及园内常见的动物等。
药用植物区,,0,0,518,药用植物区主要集中种植的药用植物260多种，主要是厦门地区常见和从各地引种的药用植物种类。
苏铁园,,0,0,519,苏铁专类园，本园至今已引种保存泽米铁科6属25种和3个变种，约占世界泽米铁科植物种类的16%，丰富了我国的苏铁目植物资源。
藤本植物区,,1,0,520,藤本区位于万石山腰，该区栽植藤本植物的标准是指不能单独直立，以观赏性藤本为主，包括观叶、观花、观果、观茎等。
竹类植物区,,0,0,521,竹径位于万石湖北侧步行道，依高低错落、曲直有致的地形地势，沿石阶铺就的小路两旁交互列植。
百花厅,,4,19,522,
花卉园,,5,1,523,厦门市园林植物园花卉园园区保持日日有花，常年不断，形成别具一格的“花的海洋，花的世界”，是厦门市园林植物园最具特色植物专类园区，深受国内外游客的欢迎。
裸子植物区,,0,0,524,裸子植物多为用材树种，有不少是优良的园林绿化树种。
南洋杉草坪,,1,0,525,南洋杉草坪位于万石湖南侧，含疏林草坪和南洋杉林带，是园内具有明显特色的景区之一，种植高大挺拔的各种南洋杉科植物，是游人休憩、嬉戏的良好场所。
蔷薇园,Rose Garden,1,4,526,
沙生植物区,Psammophyte Area,16,14,527,
市花园,,1,0,215,由于三角梅耐贫瘠，适应性强，生命力旺盛，体现厦门特区人民坚韧不拔、吃苦耐劳、热情奔放、开拓进取的精神。市花园集中展示厦门市市花三角梅，以让更多的人了解市花，爱市花，爱厦门。
雨林世界,,23,2,256,雨林世界位于紫云景区内，植物园的两大水系之一樵溪横穿其中，区内现存厦门旧二十四景的景外景“紫云得路”和“高读琴洞”，并有厦门市文物保护单位，建于明代万历年间的樵溪桥。
百花厅荫棚,,0,0,528,百花厅荫棚，建筑位于百花厅东北角，与雨林景区、百花厅和奇趣区毗邻交融，是突出观赏蕨类植物为主题的荫生园区。
双层木马,,0,0,255,
波浪翻滚,,1,0,254,
海盗船,,0,0,121,
太空飞梭,,0,0,253,
空中飞舞,,0,0,157,
飞越极限,,1,0,252,
暴风眼,,1,0,169,
决战金山寺,,1,0,126,
丛林的故事,,1,0,529,
大摆锤,,1,0,196,
生命之光,,1,0,251,
魔法城堡,,1,0,155,
极地快车,,1,0,153,
聊斋,,0,0,250,
逃出恐龙岛,,1,0,101,
秦陵历险,,1,0,530,
宇宙博览会,,0,0,531,
童梦天地,,0,0,532,
魔法美术馆,,0,0,249,
故宫鼓浪屿外国文物馆,Gulangyu Foreign Cultural Museum of the Forbidden City,1,20,92,
原德国领事馆遗址,,2,1,93,德国驻厦门领事馆是德国曾派驻中国厦门的领事级外交代表机构，自1864年起设立，1870年于鼓浪屿鹿礁建馆舍，其馆址与英国领事馆相毗邻。同时在旗尾山建有领事官邸。全盛时期的领区范围辖福建、台湾两省。第一次世界大战德国战败后，该领事馆撤销，领…
时钟楼,shizhonglou,1,42,94,
同安钟楼,Tong'an Bell Tower,0,13,533,
牛头山·环游世界气球主题乐园,,0,0,446,牛头山·环游世界气球主题乐园位于东渡牛头山公园桥梁博物馆内。
沧江古镇,,1,0,535,沧江古镇是海沧提出的要以之为重点的保护性开发计划，打造海丝历史文化重镇。
鸿山隧道,,5,3,536,
南关圣教书局,Southern Fujian Christian Bookstore,1,0,95,这是一个闽南教会专门服务教徒的书店，而里面摆放的闽南白话字编印的教会典籍则成了她最大的特色。
观音山萌宠动物园,,1,1,87,神奇动物在哪里，在观音山萌宠动物园里！
大轮山风景区,,0,0,537,大轮山位于同安城东1公里，山脚下到上顶仅100多米，修有专门的登山道。山上刻有多处摩崖石刻，顶端还有亭子以及木质瞭望台，可观看同安城风景。
珩厝慈灵宫,,0,0,538,慈灵宫奉祀湄洲妈祖林默娘。南宋时，本来建在珩厝村东北的寨角地处，明嘉靖年间移建于珩厝西王的石湖前的现址，至今已有483年历史。
江夏堂,Jiangxia Hall,1,19,539,
马拉松群像雕塑,Marathon Group Portrait Sculpture,0,15,247,
荏畲村,,0,0,541,同安汀溪镇的荏畲村，保存了完好的自然生态，村内有“花果山”、“蝴蝶谷”等多处原始自然景区，特别是春夏季节，蝴蝶谷内的原始生态美景的确让人流连忘返。荏畲村周边群山上还留下多处古代遗址，最大的一座是西行寨，还有金鸡寨、石鼓寨及武术寨等…
道南楼,Daonan Building,1,7,542,
环岛路观光大道,Huandao Road Sightseeing Avenue,3,5,543,
鸿山寺,Hongshansi,1,30,544,
五缘湾文谷旅游区,"Cultural Garden Canyon Tourism Zone, Wuyuan Bay",0,22,117,
马塘村,,0,0,547,“厦门第一村”马塘村中，村民住宅整齐有序，村间水泥道路宽敞通达，工业厂房错落有致，处处绿树鲜花。附近的大帽山三角梅园，如逢花期时，则一片姹紫嫣红，为市民带来一个新的山地生态休闲娱乐花园。翠绿丛林，蓝天白云，构筑了一个清心“氧”肺的…
昭惠宫,Zhaohui Palace,0,9,548,
厦门革命烈士陵园,Xiamen Revolutionary Martyrs Cemetery,1,31,246,
集盒艺术营,,0,0,161,厦门集盒艺术营是集客栈、酒吧、餐厅、设计工作室、文化交流中心于一体的艺术园区。这里有清新的空气自然的光景和闲庭信步的悠然的生活，清风星月间感受点点的艺术。——若无闲事挂心头，便是人间好时节。
竹树堂,Zhushu Church,1,12,549,
苎溪桥,Zhuxi Bridge,0,0,551,
深青驿遗址,,0,0,552,深青驿是古代同安连接漳、泉两地的古驿道驿站之一。遗址现存深青桥和驿楼两部分。深青桥始建于南宋，初为木板桥，后改为石桥。驿楼横跨于深青村口古驿道上，俗称过街楼，始建于元。
文山景区,Wen Mountain Sceneic Area,0,0,553,
石室禅院,Shishi Taoist Temple,0,61,191,
内田村,,0,0,554,内田村是厦门十大最美乡村之一，辖区内有金光湖景区，被誉为“闽南的西双版纳”， 这里盛产砂仁、“金毛狗”、灵芝草、风鼓草、绞股蓝等名贵中草药。
陈文确陈六使陈列馆,Chenwenque Chenliu Shi Exhibition Hall,1,8,556,
厦门音乐学校,Xiamen Music School,2,32,96,
厦门人民会堂,People's Hall,1,37,558,
四十四桥,Forty-four Bridge,7,42,29,
进明寺,Jinming Temple,2,11,559,
汇丰银行公馆,Mansion of Hong Kong and Shanghai Banking Corporation,2,36,49,
安献堂,Anxian Hall,1,9,97,
黄家花园,,5,2,35,黄家花园是黄奕住于1919年建立的即具有欧洲华丽元素，又不乏中国古典设计的住所，号称“中国第一别墅”。
鳄鱼屿,Crocodile Island,0,1,560,
十二洞天,Twelve Caves,6,56,28,
启明寺,Qiming Temple,4,30,561,
过坂村,,0,0,146,过坂村土壤较肥沃，气候条件较好，夏无酷暑，冬无严寒，终年无霜，雨量丰沛，对发展农业作物种植极为有利。
顶村村,,1,2,243,顶村村位于厦门市西北部山区，西北与泉州市的南安市、安溪县接壤，是同安区汀溪镇的“后花园”，水资源丰沛。
曾山,,11,3,563,厦门岛内多山。在厦门岛南端，白石炮台遗址以北，有座曾山。曾山南部隔海与金门的大担岛、二担岛相望。
九架厝战地民俗园,"Jiujiacuo Battlefield Folk Park, Dadeng Island",0,3,452,
春草堂,Chuncao Tang,4,14,98,
罗汉山,Luohan Mountain,0,20,242,
郑成功雕像,,14,10,12,郑成功雕像屹立在鼓浪屿东南端的覆鼎岩，面朝波澜壮阔的大海，身披盔甲，手按宝剑，形象挺拨刚劲，气势雄伟。
林祖密故居,Linzumi Former Residence,1,18,99,
桥梁博物馆,Xiamen Bridge Museum,1,31,564,
香山国际游艇码头,Xiangshan International Yacht Marina,8,11,47,
厦门环海湾休闲旅游,,0,0,193,渔船从西堤码头出发，一路上不仅能饱览整个厦门岛风光、倾听海浪拍击船的声音、遥望大小兔岛屿与陈嘉庚夫人陵园的宝珠屿、一尝船上渔民大厨地道的渔家饭，还能游览集美湾、杏林湾和马銮湾，“环两湾半，看五龙抢珠；听海品涛，观集美学村”
古龙酱文化园,Gulong Sauce Cultural Park,1,49,566,
老厦门故事馆,Old Xiamen Story House,1,24,100,
中华奇石馆,Chinese Rare Stone Museum,1,1,567,
芮皇养生文化馆,,0,0,568,按摩师的手是神奇的，他能扫尽你无限的 ，养生馆内的氛围是舒缓的，他能让你的心神得到无限的放松，养生、美容，是您健康生活的开始。
野山谷景区,Wild Valley Scenic Area,2,2,163,
和峰真人CS野战俱乐部,,0,0,241,真人CS是多人一起组织起来的一种游戏形式，是一种集运动与游戏于一体，紧张刺激的娱乐活动，真人cs野战是国际上风行的wargame（野战游戏）运动的其中一种形式，目前国内的真人CS基本都是拓展训练中的一个综合性很强的项目。
张仃美术馆,Zhangding Gallery,0,9,67,
百年鼓浪屿博物馆,Bainian Gulangyu Museum,1,148,101,
宝生园农业文化主题公园,,0,0,569,"厦门宝生园农家乐是一个以生态开发为宗旨，集种植、养殖、科研、科普教育、旅游观光、休闲娱乐、拓展培训为一体的绿色生态园。 在宝生园里，亲子家庭不但可以在园里租赁一块私家菜地,种植自己喜欢的蔬菜瓜果，让孩子们也能从中体会到“锄禾日当午，…"
厦门观复博物馆,,1,3,102,一家私人博物馆，在岛上偏安一隅风景秀美，博物馆尽管规模不大，但藏品丰富，喜欢收藏的朋友不可错过。
种德宫,Zhongde Gong,1,15,27,
大帽山三角梅园,Damao Mountain Bougainvillea  Garden,0,3,570,
厦门破狱斗争旧址,Prison Break Fight Site of Xiamen,1,22,571,
集美航海学院,,3,1,572,集美航海学院的前身是著名的集美航海学校。它是爱国华侨陈嘉庚先生于民国9年(1920年)创办的。初称“集美学校实业部水产科”，后称“集美学校水产部”。民国16年，改为私立集美高级水产航海学校。经过多年苦心经营，学校初具规模。从初办时以渔捞为…
集美大桥,Jimei Bridge,23,31,84,
集美图书馆,,1,0,573,集美图书馆的前身是陈嘉庚先生1918年创办的集美学校图书馆。
福南大会堂,,2,0,574,位于厦门集美学村内。
科学艺术中心,Kexue Art Center,2,26,575,
南薰楼,Nanxun Building,7,15,576,
百家村,Baijia Village,40,49,159,
大同路,,56,6,207,清新雅致，小资必选。
滴水山房,,2,1,130,一花一草，一石一景皆有心意。处处透着雅致，散发着禅意。
慈济东宫,,1,2,577,整座殿宇依山递高，飞檐交错，富丽堂皇，雄伟壮观。
厦门中华儿女美术馆,Xiamen Art Museum of Chinese Elite,20,32,165,
海滨公园,Haibin Park,3,27,578,
厦门大学人类博物馆,Xiamen University Anthropology Museum,1,108,180,
白石炮台遗址,Baishi Fort Relic Site,4,32,240,
贝壳梦幻世界,Shell Dream World,2,407,1,
月光岩,Moonlight Rock,28,13,39,
文曾路,Wenzeng Road,11,70,239,
百年鼓浪屿博物馆,,2,3,104,百年鼓浪屿博物馆位于福建省厦门市鼓浪屿福建路62号。
轮渡邮局,,9,1,90,轮渡邮局为大清厦门一等邮局遗址，2004年11月经本政府公布为第五批市级文物保护单位。
日光岩寺,Riguang Mountain Temple,22,185,33,
李小柒花茶店,,1,1,145,
五缘大桥,Wuyuan Bridge,9,30,579,
英雄三岛战地观光园,Three Island Hero Battlefield Park,4,85,179,
基督教曾厝垵堂,Zengcuoan Christian Church,3,61,59,
厦门文化艺术中心,,2,1,581,集文化、旅游、休闲于一体的大型文化公建设施群。
华侨大学,Huaqiao University,4,49,194,
天上圣妈宫,Palace of the Holy Mother in Heaven,4,7,89,
曾厝安闽台文化馆,,5,4,76,位于厦门曾厝垵社260号的曾厝垵闽台文化馆是将一座百年闽南古厝修缮一新后，打造的展示闽台文化和两岸交流的文化场所。
狐尾山公园,Huweishan Park,18,70,112,
坂头水库,,0,0,583,坂头水库位于坂头村附近，库容量350万立方米，水质清洌，水库依山就势，蜿蜒而去，格外壮观。
海韵台,Haiyuntai,16,18,58,
仙岳公园,Xianyue Park,3,75,584,
厦门城隍庙,Xiamen Town God's Temple,7,15,201,
杏林大桥,Xinglin Bridge,5,18,585,
钟情龙头路,,0,1,106,来到鼓浪屿，龙头路的小店是一定要逛一逛的。
漫步鼓浪屿公平路,,0,0,107,把你的心交给这里，让它好好休息。
忠仑公园,Zhonglun Park,3,132,85,
苏禾摄影,,0,0,586,厦门苏禾摄影（原厦大SOHO摄影）位于福建省厦门市思明区厦禾路亿力乐园785号701，成立于2010年7月，是一家主拍韩式婚纱，日系写真，个性化拍摄服务定制为主的摄影工作室。
莲花公园,Lianhua Park,3,33,94,
奥林匹克博物馆,Xiamen Olympic Museum,1,30,588,
康佳游乐中心,,3,0,32,
